n_embd,n_q_head,n_kv_head,block_size,num_tensor_parallel_workers,max_model_len,batch_size,prefill_chunk_size,kv_cache_size,is_prefill,attention_backend
4096,32,8,16,1,8192,1,32,0,True,AttentionBackend.FLASHINFER
4096,32,8,16,1,8192,1,32,32,True,AttentionBackend.FLASHINFER
4096,32,8,16,1,8192,1,32,64,True,AttentionBackend.FLASHINFER
4096,32,8,16,1,8192,1,32,96,True,AttentionBackend.FLASHINFER
4096,32,8,16,1,8192,1,32,128,True,AttentionBackend.FLASHINFER
4096,32,8,16,1,8192,1,32,160,True,AttentionBackend.FLASHINFER
4096,32,8,16,1,8192,1,32,192,True,AttentionBackend.FLASHINFER
4096,32,8,16,1,8192,1,32,224,True,AttentionBackend.FLASHINFER
4096,32,8,16,1,8192,1,32,256,True,AttentionBackend.FLASHINFER
4096,32,8,16,1,8192,1,32,288,True,AttentionBackend.FLASHINFER
4096,32,8,16,1,8192,1,32,320,True,AttentionBackend.FLASHINFER
4096,32,8,16,1,8192,1,32,352,True,AttentionBackend.FLASHINFER
4096,32,8,16,1,8192,1,32,384,True,AttentionBackend.FLASHINFER
4096,32,8,16,1,8192,1,32,416,True,AttentionBackend.FLASHINFER
4096,32,8,16,1,8192,1,32,448,True,AttentionBackend.FLASHINFER
4096,32,8,16,1,8192,1,32,480,True,AttentionBackend.FLASHINFER
4096,32,8,16,1,8192,1,32,512,True,AttentionBackend.FLASHINFER
4096,32,8,16,1,8192,1,32,544,True,AttentionBackend.FLASHINFER
4096,32,8,16,1,8192,1,32,576,True,AttentionBackend.FLASHINFER
4096,32,8,16,1,8192,1,32,608,True,AttentionBackend.FLASHINFER
4096,32,8,16,1,8192,1,32,640,True,AttentionBackend.FLASHINFER
4096,32,8,16,1,8192,1,32,672,True,AttentionBackend.FLASHINFER
4096,32,8,16,1,8192,1,32,704,True,AttentionBackend.FLASHINFER
4096,32,8,16,1,8192,1,32,736,True,AttentionBackend.FLASHINFER
4096,32,8,16,1,8192,1,32,768,True,AttentionBackend.FLASHINFER
4096,32,8,16,1,8192,1,32,800,True,AttentionBackend.FLASHINFER
4096,32,8,16,1,8192,1,32,832,True,AttentionBackend.FLASHINFER
4096,32,8,16,1,8192,1,32,864,True,AttentionBackend.FLASHINFER
4096,32,8,16,1,8192,1,32,896,True,AttentionBackend.FLASHINFER
4096,32,8,16,1,8192,1,32,928,True,AttentionBackend.FLASHINFER
4096,32,8,16,1,8192,1,32,960,True,AttentionBackend.FLASHINFER
4096,32,8,16,1,8192,1,32,992,True,AttentionBackend.FLASHINFER
4096,32,8,16,1,8192,1,32,1024,True,AttentionBackend.FLASHINFER
4096,32,8,16,1,8192,1,32,1056,True,AttentionBackend.FLASHINFER
4096,32,8,16,1,8192,1,32,1088,True,AttentionBackend.FLASHINFER
4096,32,8,16,1,8192,1,32,1120,True,AttentionBackend.FLASHINFER
4096,32,8,16,1,8192,1,32,1152,True,AttentionBackend.FLASHINFER
4096,32,8,16,1,8192,1,32,1184,True,AttentionBackend.FLASHINFER
4096,32,8,16,1,8192,1,32,1216,True,AttentionBackend.FLASHINFER
4096,32,8,16,1,8192,1,32,1248,True,AttentionBackend.FLASHINFER
4096,32,8,16,1,8192,1,32,1280,True,AttentionBackend.FLASHINFER
4096,32,8,16,1,8192,1,32,1312,True,AttentionBackend.FLASHINFER
4096,32,8,16,1,8192,1,32,1344,True,AttentionBackend.FLASHINFER
4096,32,8,16,1,8192,1,32,1376,True,AttentionBackend.FLASHINFER
4096,32,8,16,1,8192,1,32,1408,True,AttentionBackend.FLASHINFER
4096,32,8,16,1,8192,1,32,1440,True,AttentionBackend.FLASHINFER
4096,32,8,16,1,8192,1,32,1472,True,AttentionBackend.FLASHINFER
4096,32,8,16,1,8192,1,32,1504,True,AttentionBackend.FLASHINFER
4096,32,8,16,1,8192,1,32,1536,True,AttentionBackend.FLASHINFER
4096,32,8,16,1,8192,1,32,1568,True,AttentionBackend.FLASHINFER
4096,32,8,16,1,8192,1,32,1600,True,AttentionBackend.FLASHINFER
4096,32,8,16,1,8192,1,32,1632,True,AttentionBackend.FLASHINFER
4096,32,8,16,1,8192,1,32,1664,True,AttentionBackend.FLASHINFER
4096,32,8,16,1,8192,1,32,1696,True,AttentionBackend.FLASHINFER
4096,32,8,16,1,8192,1,32,1728,True,AttentionBackend.FLASHINFER
4096,32,8,16,1,8192,1,32,1760,True,AttentionBackend.FLASHINFER
4096,32,8,16,1,8192,1,32,1792,True,AttentionBackend.FLASHINFER
4096,32,8,16,1,8192,1,32,1824,True,AttentionBackend.FLASHINFER
4096,32,8,16,1,8192,1,32,1856,True,AttentionBackend.FLASHINFER
4096,32,8,16,1,8192,1,32,1888,True,AttentionBackend.FLASHINFER
4096,32,8,16,1,8192,1,32,1920,True,AttentionBackend.FLASHINFER
4096,32,8,16,1,8192,1,32,1952,True,AttentionBackend.FLASHINFER
4096,32,8,16,1,8192,1,32,1984,True,AttentionBackend.FLASHINFER
4096,32,8,16,1,8192,1,32,2016,True,AttentionBackend.FLASHINFER
4096,32,8,16,1,8192,1,32,2048,True,AttentionBackend.FLASHINFER
4096,32,8,16,1,8192,1,32,2080,True,AttentionBackend.FLASHINFER
4096,32,8,16,1,8192,1,32,2112,True,AttentionBackend.FLASHINFER
4096,32,8,16,1,8192,1,32,2144,True,AttentionBackend.FLASHINFER
4096,32,8,16,1,8192,1,32,2176,True,AttentionBackend.FLASHINFER
4096,32,8,16,1,8192,1,32,2208,True,AttentionBackend.FLASHINFER
4096,32,8,16,1,8192,1,32,2240,True,AttentionBackend.FLASHINFER
4096,32,8,16,1,8192,1,32,2272,True,AttentionBackend.FLASHINFER
4096,32,8,16,1,8192,1,32,2304,True,AttentionBackend.FLASHINFER
4096,32,8,16,1,8192,1,32,2336,True,AttentionBackend.FLASHINFER
4096,32,8,16,1,8192,1,32,2368,True,AttentionBackend.FLASHINFER
4096,32,8,16,1,8192,1,32,2400,True,AttentionBackend.FLASHINFER
4096,32,8,16,1,8192,1,32,2432,True,AttentionBackend.FLASHINFER
4096,32,8,16,1,8192,1,32,2464,True,AttentionBackend.FLASHINFER
4096,32,8,16,1,8192,1,32,2496,True,AttentionBackend.FLASHINFER
4096,32,8,16,1,8192,1,32,2528,True,AttentionBackend.FLASHINFER
4096,32,8,16,1,8192,1,32,2560,True,AttentionBackend.FLASHINFER
4096,32,8,16,1,8192,1,32,2592,True,AttentionBackend.FLASHINFER
4096,32,8,16,1,8192,1,32,2624,True,AttentionBackend.FLASHINFER
4096,32,8,16,1,8192,1,32,2656,True,AttentionBackend.FLASHINFER
4096,32,8,16,1,8192,1,32,2688,True,AttentionBackend.FLASHINFER
4096,32,8,16,1,8192,1,32,2720,True,AttentionBackend.FLASHINFER
4096,32,8,16,1,8192,1,32,2752,True,AttentionBackend.FLASHINFER
4096,32,8,16,1,8192,1,32,2784,True,AttentionBackend.FLASHINFER
4096,32,8,16,1,8192,1,32,2816,True,AttentionBackend.FLASHINFER
4096,32,8,16,1,8192,1,32,2848,True,AttentionBackend.FLASHINFER
4096,32,8,16,1,8192,1,32,2880,True,AttentionBackend.FLASHINFER
4096,32,8,16,1,8192,1,32,2912,True,AttentionBackend.FLASHINFER
4096,32,8,16,1,8192,1,32,2944,True,AttentionBackend.FLASHINFER
4096,32,8,16,1,8192,1,32,2976,True,AttentionBackend.FLASHINFER
4096,32,8,16,1,8192,1,32,3008,True,AttentionBackend.FLASHINFER
4096,32,8,16,1,8192,1,32,3040,True,AttentionBackend.FLASHINFER
4096,32,8,16,1,8192,1,32,3072,True,AttentionBackend.FLASHINFER
4096,32,8,16,1,8192,1,32,3104,True,AttentionBackend.FLASHINFER
4096,32,8,16,1,8192,1,32,3136,True,AttentionBackend.FLASHINFER
4096,32,8,16,1,8192,1,32,3168,True,AttentionBackend.FLASHINFER
4096,32,8,16,1,8192,1,32,3200,True,AttentionBackend.FLASHINFER
4096,32,8,16,1,8192,1,32,3232,True,AttentionBackend.FLASHINFER
4096,32,8,16,1,8192,1,32,3264,True,AttentionBackend.FLASHINFER
4096,32,8,16,1,8192,1,32,3296,True,AttentionBackend.FLASHINFER
4096,32,8,16,1,8192,1,32,3328,True,AttentionBackend.FLASHINFER
4096,32,8,16,1,8192,1,32,3360,True,AttentionBackend.FLASHINFER
4096,32,8,16,1,8192,1,32,3392,True,AttentionBackend.FLASHINFER
4096,32,8,16,1,8192,1,32,3424,True,AttentionBackend.FLASHINFER
4096,32,8,16,1,8192,1,32,3456,True,AttentionBackend.FLASHINFER
4096,32,8,16,1,8192,1,32,3488,True,AttentionBackend.FLASHINFER
4096,32,8,16,1,8192,1,32,3520,True,AttentionBackend.FLASHINFER
4096,32,8,16,1,8192,1,32,3552,True,AttentionBackend.FLASHINFER
4096,32,8,16,1,8192,1,32,3584,True,AttentionBackend.FLASHINFER
4096,32,8,16,1,8192,1,32,3616,True,AttentionBackend.FLASHINFER
4096,32,8,16,1,8192,1,32,3648,True,AttentionBackend.FLASHINFER
4096,32,8,16,1,8192,1,32,3680,True,AttentionBackend.FLASHINFER
4096,32,8,16,1,8192,1,32,3712,True,AttentionBackend.FLASHINFER
4096,32,8,16,1,8192,1,32,3744,True,AttentionBackend.FLASHINFER
4096,32,8,16,1,8192,1,32,3776,True,AttentionBackend.FLASHINFER
4096,32,8,16,1,8192,1,32,3808,True,AttentionBackend.FLASHINFER
4096,32,8,16,1,8192,1,32,3840,True,AttentionBackend.FLASHINFER
4096,32,8,16,1,8192,1,32,3872,True,AttentionBackend.FLASHINFER
4096,32,8,16,1,8192,1,32,3904,True,AttentionBackend.FLASHINFER
4096,32,8,16,1,8192,1,32,3936,True,AttentionBackend.FLASHINFER
4096,32,8,16,1,8192,1,32,3968,True,AttentionBackend.FLASHINFER
4096,32,8,16,1,8192,1,32,4000,True,AttentionBackend.FLASHINFER
4096,32,8,16,1,8192,1,32,4032,True,AttentionBackend.FLASHINFER
4096,32,8,16,1,8192,1,32,4064,True,AttentionBackend.FLASHINFER
4096,32,8,16,1,8192,1,32,4096,True,AttentionBackend.FLASHINFER
4096,32,8,16,1,8192,1,32,4128,True,AttentionBackend.FLASHINFER
4096,32,8,16,1,8192,1,32,4160,True,AttentionBackend.FLASHINFER
4096,32,8,16,1,8192,1,32,4192,True,AttentionBackend.FLASHINFER
4096,32,8,16,1,8192,1,32,4224,True,AttentionBackend.FLASHINFER
4096,32,8,16,1,8192,1,32,4256,True,AttentionBackend.FLASHINFER
4096,32,8,16,1,8192,1,32,4288,True,AttentionBackend.FLASHINFER
4096,32,8,16,1,8192,1,32,4320,True,AttentionBackend.FLASHINFER
4096,32,8,16,1,8192,1,32,4352,True,AttentionBackend.FLASHINFER
4096,32,8,16,1,8192,1,32,4384,True,AttentionBackend.FLASHINFER
4096,32,8,16,1,8192,1,32,4416,True,AttentionBackend.FLASHINFER
4096,32,8,16,1,8192,1,32,4448,True,AttentionBackend.FLASHINFER
4096,32,8,16,1,8192,1,32,4480,True,AttentionBackend.FLASHINFER
4096,32,8,16,1,8192,1,32,4512,True,AttentionBackend.FLASHINFER
4096,32,8,16,1,8192,1,32,4544,True,AttentionBackend.FLASHINFER
4096,32,8,16,1,8192,1,32,4576,True,AttentionBackend.FLASHINFER
4096,32,8,16,1,8192,1,32,4608,True,AttentionBackend.FLASHINFER
4096,32,8,16,1,8192,1,32,4640,True,AttentionBackend.FLASHINFER
4096,32,8,16,1,8192,1,32,4672,True,AttentionBackend.FLASHINFER
4096,32,8,16,1,8192,1,32,4704,True,AttentionBackend.FLASHINFER
4096,32,8,16,1,8192,1,32,4736,True,AttentionBackend.FLASHINFER
4096,32,8,16,1,8192,1,32,4768,True,AttentionBackend.FLASHINFER
4096,32,8,16,1,8192,1,32,4800,True,AttentionBackend.FLASHINFER
4096,32,8,16,1,8192,1,32,4832,True,AttentionBackend.FLASHINFER
4096,32,8,16,1,8192,1,32,4864,True,AttentionBackend.FLASHINFER
4096,32,8,16,1,8192,1,32,4896,True,AttentionBackend.FLASHINFER
4096,32,8,16,1,8192,1,32,4928,True,AttentionBackend.FLASHINFER
4096,32,8,16,1,8192,1,32,4960,True,AttentionBackend.FLASHINFER
4096,32,8,16,1,8192,1,32,4992,True,AttentionBackend.FLASHINFER
4096,32,8,16,1,8192,1,32,5024,True,AttentionBackend.FLASHINFER
4096,32,8,16,1,8192,1,32,5056,True,AttentionBackend.FLASHINFER
4096,32,8,16,1,8192,1,32,5088,True,AttentionBackend.FLASHINFER
4096,32,8,16,1,8192,1,32,5120,True,AttentionBackend.FLASHINFER
4096,32,8,16,1,8192,1,32,5152,True,AttentionBackend.FLASHINFER
4096,32,8,16,1,8192,1,32,5184,True,AttentionBackend.FLASHINFER
4096,32,8,16,1,8192,1,32,5216,True,AttentionBackend.FLASHINFER
4096,32,8,16,1,8192,1,32,5248,True,AttentionBackend.FLASHINFER
4096,32,8,16,1,8192,1,32,5280,True,AttentionBackend.FLASHINFER
4096,32,8,16,1,8192,1,32,5312,True,AttentionBackend.FLASHINFER
4096,32,8,16,1,8192,1,32,5344,True,AttentionBackend.FLASHINFER
4096,32,8,16,1,8192,1,32,5376,True,AttentionBackend.FLASHINFER
4096,32,8,16,1,8192,1,32,5408,True,AttentionBackend.FLASHINFER
4096,32,8,16,1,8192,1,32,5440,True,AttentionBackend.FLASHINFER
4096,32,8,16,1,8192,1,32,5472,True,AttentionBackend.FLASHINFER
4096,32,8,16,1,8192,1,32,5504,True,AttentionBackend.FLASHINFER
4096,32,8,16,1,8192,1,32,5536,True,AttentionBackend.FLASHINFER
4096,32,8,16,1,8192,1,32,5568,True,AttentionBackend.FLASHINFER
4096,32,8,16,1,8192,1,32,5600,True,AttentionBackend.FLASHINFER
4096,32,8,16,1,8192,1,32,5632,True,AttentionBackend.FLASHINFER
4096,32,8,16,1,8192,1,32,5664,True,AttentionBackend.FLASHINFER
4096,32,8,16,1,8192,1,32,5696,True,AttentionBackend.FLASHINFER
4096,32,8,16,1,8192,1,32,5728,True,AttentionBackend.FLASHINFER
4096,32,8,16,1,8192,1,32,5760,True,AttentionBackend.FLASHINFER
4096,32,8,16,1,8192,1,32,5792,True,AttentionBackend.FLASHINFER
4096,32,8,16,1,8192,1,32,5824,True,AttentionBackend.FLASHINFER
4096,32,8,16,1,8192,1,32,5856,True,AttentionBackend.FLASHINFER
4096,32,8,16,1,8192,1,32,5888,True,AttentionBackend.FLASHINFER
4096,32,8,16,1,8192,1,32,5920,True,AttentionBackend.FLASHINFER
4096,32,8,16,1,8192,1,32,5952,True,AttentionBackend.FLASHINFER
4096,32,8,16,1,8192,1,32,5984,True,AttentionBackend.FLASHINFER
4096,32,8,16,1,8192,1,32,6016,True,AttentionBackend.FLASHINFER
4096,32,8,16,1,8192,1,32,6048,True,AttentionBackend.FLASHINFER
4096,32,8,16,1,8192,1,32,6080,True,AttentionBackend.FLASHINFER
4096,32,8,16,1,8192,1,32,6112,True,AttentionBackend.FLASHINFER
4096,32,8,16,1,8192,1,32,6144,True,AttentionBackend.FLASHINFER
4096,32,8,16,1,8192,1,32,6176,True,AttentionBackend.FLASHINFER
4096,32,8,16,1,8192,1,32,6208,True,AttentionBackend.FLASHINFER
4096,32,8,16,1,8192,1,32,6240,True,AttentionBackend.FLASHINFER
4096,32,8,16,1,8192,1,32,6272,True,AttentionBackend.FLASHINFER
4096,32,8,16,1,8192,1,32,6304,True,AttentionBackend.FLASHINFER
4096,32,8,16,1,8192,1,32,6336,True,AttentionBackend.FLASHINFER
4096,32,8,16,1,8192,1,32,6368,True,AttentionBackend.FLASHINFER
4096,32,8,16,1,8192,1,32,6400,True,AttentionBackend.FLASHINFER
4096,32,8,16,1,8192,1,32,6432,True,AttentionBackend.FLASHINFER
4096,32,8,16,1,8192,1,32,6464,True,AttentionBackend.FLASHINFER
4096,32,8,16,1,8192,1,32,6496,True,AttentionBackend.FLASHINFER
4096,32,8,16,1,8192,1,32,6528,True,AttentionBackend.FLASHINFER
4096,32,8,16,1,8192,1,32,6560,True,AttentionBackend.FLASHINFER
4096,32,8,16,1,8192,1,32,6592,True,AttentionBackend.FLASHINFER
4096,32,8,16,1,8192,1,32,6624,True,AttentionBackend.FLASHINFER
4096,32,8,16,1,8192,1,32,6656,True,AttentionBackend.FLASHINFER
4096,32,8,16,1,8192,1,32,6688,True,AttentionBackend.FLASHINFER
4096,32,8,16,1,8192,1,32,6720,True,AttentionBackend.FLASHINFER
4096,32,8,16,1,8192,1,32,6752,True,AttentionBackend.FLASHINFER
4096,32,8,16,1,8192,1,32,6784,True,AttentionBackend.FLASHINFER
4096,32,8,16,1,8192,1,32,6816,True,AttentionBackend.FLASHINFER
4096,32,8,16,1,8192,1,32,6848,True,AttentionBackend.FLASHINFER
4096,32,8,16,1,8192,1,32,6880,True,AttentionBackend.FLASHINFER
4096,32,8,16,1,8192,1,32,6912,True,AttentionBackend.FLASHINFER
4096,32,8,16,1,8192,1,32,6944,True,AttentionBackend.FLASHINFER
4096,32,8,16,1,8192,1,32,6976,True,AttentionBackend.FLASHINFER
4096,32,8,16,1,8192,1,32,7008,True,AttentionBackend.FLASHINFER
4096,32,8,16,1,8192,1,32,7040,True,AttentionBackend.FLASHINFER
4096,32,8,16,1,8192,1,32,7072,True,AttentionBackend.FLASHINFER
4096,32,8,16,1,8192,1,32,7104,True,AttentionBackend.FLASHINFER
4096,32,8,16,1,8192,1,32,7136,True,AttentionBackend.FLASHINFER
4096,32,8,16,1,8192,1,32,7168,True,AttentionBackend.FLASHINFER
4096,32,8,16,1,8192,1,32,7200,True,AttentionBackend.FLASHINFER
4096,32,8,16,1,8192,1,32,7232,True,AttentionBackend.FLASHINFER
4096,32,8,16,1,8192,1,32,7264,True,AttentionBackend.FLASHINFER
4096,32,8,16,1,8192,1,32,7296,True,AttentionBackend.FLASHINFER
4096,32,8,16,1,8192,1,32,7328,True,AttentionBackend.FLASHINFER
4096,32,8,16,1,8192,1,32,7360,True,AttentionBackend.FLASHINFER
4096,32,8,16,1,8192,1,32,7392,True,AttentionBackend.FLASHINFER
4096,32,8,16,1,8192,1,32,7424,True,AttentionBackend.FLASHINFER
4096,32,8,16,1,8192,1,32,7456,True,AttentionBackend.FLASHINFER
4096,32,8,16,1,8192,1,32,7488,True,AttentionBackend.FLASHINFER
4096,32,8,16,1,8192,1,32,7520,True,AttentionBackend.FLASHINFER
4096,32,8,16,1,8192,1,32,7552,True,AttentionBackend.FLASHINFER
4096,32,8,16,1,8192,1,32,7584,True,AttentionBackend.FLASHINFER
4096,32,8,16,1,8192,1,32,7616,True,AttentionBackend.FLASHINFER
4096,32,8,16,1,8192,1,32,7648,True,AttentionBackend.FLASHINFER
4096,32,8,16,1,8192,1,32,7680,True,AttentionBackend.FLASHINFER
4096,32,8,16,1,8192,1,32,7712,True,AttentionBackend.FLASHINFER
4096,32,8,16,1,8192,1,32,7744,True,AttentionBackend.FLASHINFER
4096,32,8,16,1,8192,1,32,7776,True,AttentionBackend.FLASHINFER
4096,32,8,16,1,8192,1,32,7808,True,AttentionBackend.FLASHINFER
4096,32,8,16,1,8192,1,32,7840,True,AttentionBackend.FLASHINFER
4096,32,8,16,1,8192,1,32,7872,True,AttentionBackend.FLASHINFER
4096,32,8,16,1,8192,1,32,7904,True,AttentionBackend.FLASHINFER
4096,32,8,16,1,8192,1,32,7936,True,AttentionBackend.FLASHINFER
4096,32,8,16,1,8192,1,32,7968,True,AttentionBackend.FLASHINFER
4096,32,8,16,1,8192,1,32,8000,True,AttentionBackend.FLASHINFER
4096,32,8,16,1,8192,1,32,8032,True,AttentionBackend.FLASHINFER
4096,32,8,16,1,8192,1,32,8064,True,AttentionBackend.FLASHINFER
4096,32,8,16,1,8192,1,32,8096,True,AttentionBackend.FLASHINFER
4096,32,8,16,1,8192,1,32,8128,True,AttentionBackend.FLASHINFER
4096,32,8,16,1,8192,1,32,8160,True,AttentionBackend.FLASHINFER
4096,32,8,16,1,8192,1,64,0,True,AttentionBackend.FLASHINFER
4096,32,8,16,1,8192,1,64,64,True,AttentionBackend.FLASHINFER
4096,32,8,16,1,8192,1,64,128,True,AttentionBackend.FLASHINFER
4096,32,8,16,1,8192,1,64,192,True,AttentionBackend.FLASHINFER
4096,32,8,16,1,8192,1,64,256,True,AttentionBackend.FLASHINFER
4096,32,8,16,1,8192,1,64,320,True,AttentionBackend.FLASHINFER
4096,32,8,16,1,8192,1,64,384,True,AttentionBackend.FLASHINFER
4096,32,8,16,1,8192,1,64,448,True,AttentionBackend.FLASHINFER
4096,32,8,16,1,8192,1,64,512,True,AttentionBackend.FLASHINFER
4096,32,8,16,1,8192,1,64,576,True,AttentionBackend.FLASHINFER
4096,32,8,16,1,8192,1,64,640,True,AttentionBackend.FLASHINFER
4096,32,8,16,1,8192,1,64,704,True,AttentionBackend.FLASHINFER
4096,32,8,16,1,8192,1,64,768,True,AttentionBackend.FLASHINFER
4096,32,8,16,1,8192,1,64,832,True,AttentionBackend.FLASHINFER
4096,32,8,16,1,8192,1,64,896,True,AttentionBackend.FLASHINFER
4096,32,8,16,1,8192,1,64,960,True,AttentionBackend.FLASHINFER
4096,32,8,16,1,8192,1,64,1024,True,AttentionBackend.FLASHINFER
4096,32,8,16,1,8192,1,64,1088,True,AttentionBackend.FLASHINFER
4096,32,8,16,1,8192,1,64,1152,True,AttentionBackend.FLASHINFER
4096,32,8,16,1,8192,1,64,1216,True,AttentionBackend.FLASHINFER
4096,32,8,16,1,8192,1,64,1280,True,AttentionBackend.FLASHINFER
4096,32,8,16,1,8192,1,64,1344,True,AttentionBackend.FLASHINFER
4096,32,8,16,1,8192,1,64,1408,True,AttentionBackend.FLASHINFER
4096,32,8,16,1,8192,1,64,1472,True,AttentionBackend.FLASHINFER
4096,32,8,16,1,8192,1,64,1536,True,AttentionBackend.FLASHINFER
4096,32,8,16,1,8192,1,64,1600,True,AttentionBackend.FLASHINFER
4096,32,8,16,1,8192,1,64,1664,True,AttentionBackend.FLASHINFER
4096,32,8,16,1,8192,1,64,1728,True,AttentionBackend.FLASHINFER
4096,32,8,16,1,8192,1,64,1792,True,AttentionBackend.FLASHINFER
4096,32,8,16,1,8192,1,64,1856,True,AttentionBackend.FLASHINFER
4096,32,8,16,1,8192,1,64,1920,True,AttentionBackend.FLASHINFER
4096,32,8,16,1,8192,1,64,1984,True,AttentionBackend.FLASHINFER
4096,32,8,16,1,8192,1,64,2048,True,AttentionBackend.FLASHINFER
4096,32,8,16,1,8192,1,64,2112,True,AttentionBackend.FLASHINFER
4096,32,8,16,1,8192,1,64,2176,True,AttentionBackend.FLASHINFER
4096,32,8,16,1,8192,1,64,2240,True,AttentionBackend.FLASHINFER
4096,32,8,16,1,8192,1,64,2304,True,AttentionBackend.FLASHINFER
4096,32,8,16,1,8192,1,64,2368,True,AttentionBackend.FLASHINFER
4096,32,8,16,1,8192,1,64,2432,True,AttentionBackend.FLASHINFER
4096,32,8,16,1,8192,1,64,2496,True,AttentionBackend.FLASHINFER
4096,32,8,16,1,8192,1,64,2560,True,AttentionBackend.FLASHINFER
4096,32,8,16,1,8192,1,64,2624,True,AttentionBackend.FLASHINFER
4096,32,8,16,1,8192,1,64,2688,True,AttentionBackend.FLASHINFER
4096,32,8,16,1,8192,1,64,2752,True,AttentionBackend.FLASHINFER
4096,32,8,16,1,8192,1,64,2816,True,AttentionBackend.FLASHINFER
4096,32,8,16,1,8192,1,64,2880,True,AttentionBackend.FLASHINFER
4096,32,8,16,1,8192,1,64,2944,True,AttentionBackend.FLASHINFER
4096,32,8,16,1,8192,1,64,3008,True,AttentionBackend.FLASHINFER
4096,32,8,16,1,8192,1,64,3072,True,AttentionBackend.FLASHINFER
4096,32,8,16,1,8192,1,64,3136,True,AttentionBackend.FLASHINFER
4096,32,8,16,1,8192,1,64,3200,True,AttentionBackend.FLASHINFER
4096,32,8,16,1,8192,1,64,3264,True,AttentionBackend.FLASHINFER
4096,32,8,16,1,8192,1,64,3328,True,AttentionBackend.FLASHINFER
4096,32,8,16,1,8192,1,64,3392,True,AttentionBackend.FLASHINFER
4096,32,8,16,1,8192,1,64,3456,True,AttentionBackend.FLASHINFER
4096,32,8,16,1,8192,1,64,3520,True,AttentionBackend.FLASHINFER
4096,32,8,16,1,8192,1,64,3584,True,AttentionBackend.FLASHINFER
4096,32,8,16,1,8192,1,64,3648,True,AttentionBackend.FLASHINFER
4096,32,8,16,1,8192,1,64,3712,True,AttentionBackend.FLASHINFER
4096,32,8,16,1,8192,1,64,3776,True,AttentionBackend.FLASHINFER
4096,32,8,16,1,8192,1,64,3840,True,AttentionBackend.FLASHINFER
4096,32,8,16,1,8192,1,64,3904,True,AttentionBackend.FLASHINFER
4096,32,8,16,1,8192,1,64,3968,True,AttentionBackend.FLASHINFER
4096,32,8,16,1,8192,1,64,4032,True,AttentionBackend.FLASHINFER
4096,32,8,16,1,8192,1,64,4096,True,AttentionBackend.FLASHINFER
4096,32,8,16,1,8192,1,64,4160,True,AttentionBackend.FLASHINFER
4096,32,8,16,1,8192,1,64,4224,True,AttentionBackend.FLASHINFER
4096,32,8,16,1,8192,1,64,4288,True,AttentionBackend.FLASHINFER
4096,32,8,16,1,8192,1,64,4352,True,AttentionBackend.FLASHINFER
4096,32,8,16,1,8192,1,64,4416,True,AttentionBackend.FLASHINFER
4096,32,8,16,1,8192,1,64,4480,True,AttentionBackend.FLASHINFER
4096,32,8,16,1,8192,1,64,4544,True,AttentionBackend.FLASHINFER
4096,32,8,16,1,8192,1,64,4608,True,AttentionBackend.FLASHINFER
4096,32,8,16,1,8192,1,64,4672,True,AttentionBackend.FLASHINFER
4096,32,8,16,1,8192,1,64,4736,True,AttentionBackend.FLASHINFER
4096,32,8,16,1,8192,1,64,4800,True,AttentionBackend.FLASHINFER
4096,32,8,16,1,8192,1,64,4864,True,AttentionBackend.FLASHINFER
4096,32,8,16,1,8192,1,64,4928,True,AttentionBackend.FLASHINFER
4096,32,8,16,1,8192,1,64,4992,True,AttentionBackend.FLASHINFER
4096,32,8,16,1,8192,1,64,5056,True,AttentionBackend.FLASHINFER
4096,32,8,16,1,8192,1,64,5120,True,AttentionBackend.FLASHINFER
4096,32,8,16,1,8192,1,64,5184,True,AttentionBackend.FLASHINFER
4096,32,8,16,1,8192,1,64,5248,True,AttentionBackend.FLASHINFER
4096,32,8,16,1,8192,1,64,5312,True,AttentionBackend.FLASHINFER
4096,32,8,16,1,8192,1,64,5376,True,AttentionBackend.FLASHINFER
4096,32,8,16,1,8192,1,64,5440,True,AttentionBackend.FLASHINFER
4096,32,8,16,1,8192,1,64,5504,True,AttentionBackend.FLASHINFER
4096,32,8,16,1,8192,1,64,5568,True,AttentionBackend.FLASHINFER
4096,32,8,16,1,8192,1,64,5632,True,AttentionBackend.FLASHINFER
4096,32,8,16,1,8192,1,64,5696,True,AttentionBackend.FLASHINFER
4096,32,8,16,1,8192,1,64,5760,True,AttentionBackend.FLASHINFER
4096,32,8,16,1,8192,1,64,5824,True,AttentionBackend.FLASHINFER
4096,32,8,16,1,8192,1,64,5888,True,AttentionBackend.FLASHINFER
4096,32,8,16,1,8192,1,64,5952,True,AttentionBackend.FLASHINFER
4096,32,8,16,1,8192,1,64,6016,True,AttentionBackend.FLASHINFER
4096,32,8,16,1,8192,1,64,6080,True,AttentionBackend.FLASHINFER
4096,32,8,16,1,8192,1,64,6144,True,AttentionBackend.FLASHINFER
4096,32,8,16,1,8192,1,64,6208,True,AttentionBackend.FLASHINFER
4096,32,8,16,1,8192,1,64,6272,True,AttentionBackend.FLASHINFER
4096,32,8,16,1,8192,1,64,6336,True,AttentionBackend.FLASHINFER
4096,32,8,16,1,8192,1,64,6400,True,AttentionBackend.FLASHINFER
4096,32,8,16,1,8192,1,64,6464,True,AttentionBackend.FLASHINFER
4096,32,8,16,1,8192,1,64,6528,True,AttentionBackend.FLASHINFER
4096,32,8,16,1,8192,1,64,6592,True,AttentionBackend.FLASHINFER
4096,32,8,16,1,8192,1,64,6656,True,AttentionBackend.FLASHINFER
4096,32,8,16,1,8192,1,64,6720,True,AttentionBackend.FLASHINFER
4096,32,8,16,1,8192,1,64,6784,True,AttentionBackend.FLASHINFER
4096,32,8,16,1,8192,1,64,6848,True,AttentionBackend.FLASHINFER
4096,32,8,16,1,8192,1,64,6912,True,AttentionBackend.FLASHINFER
4096,32,8,16,1,8192,1,64,6976,True,AttentionBackend.FLASHINFER
4096,32,8,16,1,8192,1,64,7040,True,AttentionBackend.FLASHINFER
4096,32,8,16,1,8192,1,64,7104,True,AttentionBackend.FLASHINFER
4096,32,8,16,1,8192,1,64,7168,True,AttentionBackend.FLASHINFER
4096,32,8,16,1,8192,1,64,7232,True,AttentionBackend.FLASHINFER
4096,32,8,16,1,8192,1,64,7296,True,AttentionBackend.FLASHINFER
4096,32,8,16,1,8192,1,64,7360,True,AttentionBackend.FLASHINFER
4096,32,8,16,1,8192,1,64,7424,True,AttentionBackend.FLASHINFER
4096,32,8,16,1,8192,1,64,7488,True,AttentionBackend.FLASHINFER
4096,32,8,16,1,8192,1,64,7552,True,AttentionBackend.FLASHINFER
4096,32,8,16,1,8192,1,64,7616,True,AttentionBackend.FLASHINFER
4096,32,8,16,1,8192,1,64,7680,True,AttentionBackend.FLASHINFER
4096,32,8,16,1,8192,1,64,7744,True,AttentionBackend.FLASHINFER
4096,32,8,16,1,8192,1,64,7808,True,AttentionBackend.FLASHINFER
4096,32,8,16,1,8192,1,64,7872,True,AttentionBackend.FLASHINFER
4096,32,8,16,1,8192,1,64,7936,True,AttentionBackend.FLASHINFER
4096,32,8,16,1,8192,1,64,8000,True,AttentionBackend.FLASHINFER
4096,32,8,16,1,8192,1,64,8064,True,AttentionBackend.FLASHINFER
4096,32,8,16,1,8192,1,64,8128,True,AttentionBackend.FLASHINFER
4096,32,8,16,1,8192,1,96,0,True,AttentionBackend.FLASHINFER
4096,32,8,16,1,8192,1,96,96,True,AttentionBackend.FLASHINFER
4096,32,8,16,1,8192,1,96,192,True,AttentionBackend.FLASHINFER
4096,32,8,16,1,8192,1,96,288,True,AttentionBackend.FLASHINFER
4096,32,8,16,1,8192,1,96,384,True,AttentionBackend.FLASHINFER
4096,32,8,16,1,8192,1,96,480,True,AttentionBackend.FLASHINFER
4096,32,8,16,1,8192,1,96,576,True,AttentionBackend.FLASHINFER
4096,32,8,16,1,8192,1,96,672,True,AttentionBackend.FLASHINFER
4096,32,8,16,1,8192,1,96,768,True,AttentionBackend.FLASHINFER
4096,32,8,16,1,8192,1,96,864,True,AttentionBackend.FLASHINFER
4096,32,8,16,1,8192,1,96,960,True,AttentionBackend.FLASHINFER
4096,32,8,16,1,8192,1,96,1056,True,AttentionBackend.FLASHINFER
4096,32,8,16,1,8192,1,96,1152,True,AttentionBackend.FLASHINFER
4096,32,8,16,1,8192,1,96,1248,True,AttentionBackend.FLASHINFER
4096,32,8,16,1,8192,1,96,1344,True,AttentionBackend.FLASHINFER
4096,32,8,16,1,8192,1,96,1440,True,AttentionBackend.FLASHINFER
4096,32,8,16,1,8192,1,96,1536,True,AttentionBackend.FLASHINFER
4096,32,8,16,1,8192,1,96,1632,True,AttentionBackend.FLASHINFER
4096,32,8,16,1,8192,1,96,1728,True,AttentionBackend.FLASHINFER
4096,32,8,16,1,8192,1,96,1824,True,AttentionBackend.FLASHINFER
4096,32,8,16,1,8192,1,96,1920,True,AttentionBackend.FLASHINFER
4096,32,8,16,1,8192,1,96,2016,True,AttentionBackend.FLASHINFER
4096,32,8,16,1,8192,1,96,2112,True,AttentionBackend.FLASHINFER
4096,32,8,16,1,8192,1,96,2208,True,AttentionBackend.FLASHINFER
4096,32,8,16,1,8192,1,96,2304,True,AttentionBackend.FLASHINFER
4096,32,8,16,1,8192,1,96,2400,True,AttentionBackend.FLASHINFER
4096,32,8,16,1,8192,1,96,2496,True,AttentionBackend.FLASHINFER
4096,32,8,16,1,8192,1,96,2592,True,AttentionBackend.FLASHINFER
4096,32,8,16,1,8192,1,96,2688,True,AttentionBackend.FLASHINFER
4096,32,8,16,1,8192,1,96,2784,True,AttentionBackend.FLASHINFER
4096,32,8,16,1,8192,1,96,2880,True,AttentionBackend.FLASHINFER
4096,32,8,16,1,8192,1,96,2976,True,AttentionBackend.FLASHINFER
4096,32,8,16,1,8192,1,96,3072,True,AttentionBackend.FLASHINFER
4096,32,8,16,1,8192,1,96,3168,True,AttentionBackend.FLASHINFER
4096,32,8,16,1,8192,1,96,3264,True,AttentionBackend.FLASHINFER
4096,32,8,16,1,8192,1,96,3360,True,AttentionBackend.FLASHINFER
4096,32,8,16,1,8192,1,96,3456,True,AttentionBackend.FLASHINFER
4096,32,8,16,1,8192,1,96,3552,True,AttentionBackend.FLASHINFER
4096,32,8,16,1,8192,1,96,3648,True,AttentionBackend.FLASHINFER
4096,32,8,16,1,8192,1,96,3744,True,AttentionBackend.FLASHINFER
4096,32,8,16,1,8192,1,96,3840,True,AttentionBackend.FLASHINFER
4096,32,8,16,1,8192,1,96,3936,True,AttentionBackend.FLASHINFER
4096,32,8,16,1,8192,1,96,4032,True,AttentionBackend.FLASHINFER
4096,32,8,16,1,8192,1,96,4128,True,AttentionBackend.FLASHINFER
4096,32,8,16,1,8192,1,96,4224,True,AttentionBackend.FLASHINFER
4096,32,8,16,1,8192,1,96,4320,True,AttentionBackend.FLASHINFER
4096,32,8,16,1,8192,1,96,4416,True,AttentionBackend.FLASHINFER
4096,32,8,16,1,8192,1,96,4512,True,AttentionBackend.FLASHINFER
4096,32,8,16,1,8192,1,96,4608,True,AttentionBackend.FLASHINFER
4096,32,8,16,1,8192,1,96,4704,True,AttentionBackend.FLASHINFER
4096,32,8,16,1,8192,1,96,4800,True,AttentionBackend.FLASHINFER
4096,32,8,16,1,8192,1,96,4896,True,AttentionBackend.FLASHINFER
4096,32,8,16,1,8192,1,96,4992,True,AttentionBackend.FLASHINFER
4096,32,8,16,1,8192,1,96,5088,True,AttentionBackend.FLASHINFER
4096,32,8,16,1,8192,1,96,5184,True,AttentionBackend.FLASHINFER
4096,32,8,16,1,8192,1,96,5280,True,AttentionBackend.FLASHINFER
4096,32,8,16,1,8192,1,96,5376,True,AttentionBackend.FLASHINFER
4096,32,8,16,1,8192,1,96,5472,True,AttentionBackend.FLASHINFER
4096,32,8,16,1,8192,1,96,5568,True,AttentionBackend.FLASHINFER
4096,32,8,16,1,8192,1,96,5664,True,AttentionBackend.FLASHINFER
4096,32,8,16,1,8192,1,96,5760,True,AttentionBackend.FLASHINFER
4096,32,8,16,1,8192,1,96,5856,True,AttentionBackend.FLASHINFER
4096,32,8,16,1,8192,1,96,5952,True,AttentionBackend.FLASHINFER
4096,32,8,16,1,8192,1,96,6048,True,AttentionBackend.FLASHINFER
4096,32,8,16,1,8192,1,96,6144,True,AttentionBackend.FLASHINFER
4096,32,8,16,1,8192,1,96,6240,True,AttentionBackend.FLASHINFER
4096,32,8,16,1,8192,1,96,6336,True,AttentionBackend.FLASHINFER
4096,32,8,16,1,8192,1,96,6432,True,AttentionBackend.FLASHINFER
4096,32,8,16,1,8192,1,96,6528,True,AttentionBackend.FLASHINFER
4096,32,8,16,1,8192,1,96,6624,True,AttentionBackend.FLASHINFER
4096,32,8,16,1,8192,1,96,6720,True,AttentionBackend.FLASHINFER
4096,32,8,16,1,8192,1,96,6816,True,AttentionBackend.FLASHINFER
4096,32,8,16,1,8192,1,96,6912,True,AttentionBackend.FLASHINFER
4096,32,8,16,1,8192,1,96,7008,True,AttentionBackend.FLASHINFER
4096,32,8,16,1,8192,1,96,7104,True,AttentionBackend.FLASHINFER
4096,32,8,16,1,8192,1,96,7200,True,AttentionBackend.FLASHINFER
4096,32,8,16,1,8192,1,96,7296,True,AttentionBackend.FLASHINFER
4096,32,8,16,1,8192,1,96,7392,True,AttentionBackend.FLASHINFER
4096,32,8,16,1,8192,1,96,7488,True,AttentionBackend.FLASHINFER
4096,32,8,16,1,8192,1,96,7584,True,AttentionBackend.FLASHINFER
4096,32,8,16,1,8192,1,96,7680,True,AttentionBackend.FLASHINFER
4096,32,8,16,1,8192,1,96,7776,True,AttentionBackend.FLASHINFER
4096,32,8,16,1,8192,1,96,7872,True,AttentionBackend.FLASHINFER
4096,32,8,16,1,8192,1,96,7968,True,AttentionBackend.FLASHINFER
4096,32,8,16,1,8192,1,96,8064,True,AttentionBackend.FLASHINFER
4096,32,8,16,1,8192,1,128,0,True,AttentionBackend.FLASHINFER
4096,32,8,16,1,8192,1,128,128,True,AttentionBackend.FLASHINFER
4096,32,8,16,1,8192,1,128,256,True,AttentionBackend.FLASHINFER
4096,32,8,16,1,8192,1,128,384,True,AttentionBackend.FLASHINFER
4096,32,8,16,1,8192,1,128,512,True,AttentionBackend.FLASHINFER
4096,32,8,16,1,8192,1,128,640,True,AttentionBackend.FLASHINFER
4096,32,8,16,1,8192,1,128,768,True,AttentionBackend.FLASHINFER
4096,32,8,16,1,8192,1,128,896,True,AttentionBackend.FLASHINFER
4096,32,8,16,1,8192,1,128,1024,True,AttentionBackend.FLASHINFER
4096,32,8,16,1,8192,1,128,1152,True,AttentionBackend.FLASHINFER
4096,32,8,16,1,8192,1,128,1280,True,AttentionBackend.FLASHINFER
4096,32,8,16,1,8192,1,128,1408,True,AttentionBackend.FLASHINFER
4096,32,8,16,1,8192,1,128,1536,True,AttentionBackend.FLASHINFER
4096,32,8,16,1,8192,1,128,1664,True,AttentionBackend.FLASHINFER
4096,32,8,16,1,8192,1,128,1792,True,AttentionBackend.FLASHINFER
4096,32,8,16,1,8192,1,128,1920,True,AttentionBackend.FLASHINFER
4096,32,8,16,1,8192,1,128,2048,True,AttentionBackend.FLASHINFER
4096,32,8,16,1,8192,1,128,2176,True,AttentionBackend.FLASHINFER
4096,32,8,16,1,8192,1,128,2304,True,AttentionBackend.FLASHINFER
4096,32,8,16,1,8192,1,128,2432,True,AttentionBackend.FLASHINFER
4096,32,8,16,1,8192,1,128,2560,True,AttentionBackend.FLASHINFER
4096,32,8,16,1,8192,1,128,2688,True,AttentionBackend.FLASHINFER
4096,32,8,16,1,8192,1,128,2816,True,AttentionBackend.FLASHINFER
4096,32,8,16,1,8192,1,128,2944,True,AttentionBackend.FLASHINFER
4096,32,8,16,1,8192,1,128,3072,True,AttentionBackend.FLASHINFER
4096,32,8,16,1,8192,1,128,3200,True,AttentionBackend.FLASHINFER
4096,32,8,16,1,8192,1,128,3328,True,AttentionBackend.FLASHINFER
4096,32,8,16,1,8192,1,128,3456,True,AttentionBackend.FLASHINFER
4096,32,8,16,1,8192,1,128,3584,True,AttentionBackend.FLASHINFER
4096,32,8,16,1,8192,1,128,3712,True,AttentionBackend.FLASHINFER
4096,32,8,16,1,8192,1,128,3840,True,AttentionBackend.FLASHINFER
4096,32,8,16,1,8192,1,128,3968,True,AttentionBackend.FLASHINFER
4096,32,8,16,1,8192,1,128,4096,True,AttentionBackend.FLASHINFER
4096,32,8,16,1,8192,1,128,4224,True,AttentionBackend.FLASHINFER
4096,32,8,16,1,8192,1,128,4352,True,AttentionBackend.FLASHINFER
4096,32,8,16,1,8192,1,128,4480,True,AttentionBackend.FLASHINFER
4096,32,8,16,1,8192,1,128,4608,True,AttentionBackend.FLASHINFER
4096,32,8,16,1,8192,1,128,4736,True,AttentionBackend.FLASHINFER
4096,32,8,16,1,8192,1,128,4864,True,AttentionBackend.FLASHINFER
4096,32,8,16,1,8192,1,128,4992,True,AttentionBackend.FLASHINFER
4096,32,8,16,1,8192,1,128,5120,True,AttentionBackend.FLASHINFER
4096,32,8,16,1,8192,1,128,5248,True,AttentionBackend.FLASHINFER
4096,32,8,16,1,8192,1,128,5376,True,AttentionBackend.FLASHINFER
4096,32,8,16,1,8192,1,128,5504,True,AttentionBackend.FLASHINFER
4096,32,8,16,1,8192,1,128,5632,True,AttentionBackend.FLASHINFER
4096,32,8,16,1,8192,1,128,5760,True,AttentionBackend.FLASHINFER
4096,32,8,16,1,8192,1,128,5888,True,AttentionBackend.FLASHINFER
4096,32,8,16,1,8192,1,128,6016,True,AttentionBackend.FLASHINFER
4096,32,8,16,1,8192,1,128,6144,True,AttentionBackend.FLASHINFER
4096,32,8,16,1,8192,1,128,6272,True,AttentionBackend.FLASHINFER
4096,32,8,16,1,8192,1,128,6400,True,AttentionBackend.FLASHINFER
4096,32,8,16,1,8192,1,128,6528,True,AttentionBackend.FLASHINFER
4096,32,8,16,1,8192,1,128,6656,True,AttentionBackend.FLASHINFER
4096,32,8,16,1,8192,1,128,6784,True,AttentionBackend.FLASHINFER
4096,32,8,16,1,8192,1,128,6912,True,AttentionBackend.FLASHINFER
4096,32,8,16,1,8192,1,128,7040,True,AttentionBackend.FLASHINFER
4096,32,8,16,1,8192,1,128,7168,True,AttentionBackend.FLASHINFER
4096,32,8,16,1,8192,1,128,7296,True,AttentionBackend.FLASHINFER
4096,32,8,16,1,8192,1,128,7424,True,AttentionBackend.FLASHINFER
4096,32,8,16,1,8192,1,128,7552,True,AttentionBackend.FLASHINFER
4096,32,8,16,1,8192,1,128,7680,True,AttentionBackend.FLASHINFER
4096,32,8,16,1,8192,1,128,7808,True,AttentionBackend.FLASHINFER
4096,32,8,16,1,8192,1,128,7936,True,AttentionBackend.FLASHINFER
4096,32,8,16,1,8192,1,128,8064,True,AttentionBackend.FLASHINFER
4096,32,8,16,1,8192,1,256,0,True,AttentionBackend.FLASHINFER
4096,32,8,16,1,8192,1,256,256,True,AttentionBackend.FLASHINFER
4096,32,8,16,1,8192,1,256,512,True,AttentionBackend.FLASHINFER
4096,32,8,16,1,8192,1,256,768,True,AttentionBackend.FLASHINFER
4096,32,8,16,1,8192,1,256,1024,True,AttentionBackend.FLASHINFER
4096,32,8,16,1,8192,1,256,1280,True,AttentionBackend.FLASHINFER
4096,32,8,16,1,8192,1,256,1536,True,AttentionBackend.FLASHINFER
4096,32,8,16,1,8192,1,256,1792,True,AttentionBackend.FLASHINFER
4096,32,8,16,1,8192,1,256,2048,True,AttentionBackend.FLASHINFER
4096,32,8,16,1,8192,1,256,2304,True,AttentionBackend.FLASHINFER
4096,32,8,16,1,8192,1,256,2560,True,AttentionBackend.FLASHINFER
4096,32,8,16,1,8192,1,256,2816,True,AttentionBackend.FLASHINFER
4096,32,8,16,1,8192,1,256,3072,True,AttentionBackend.FLASHINFER
4096,32,8,16,1,8192,1,256,3328,True,AttentionBackend.FLASHINFER
4096,32,8,16,1,8192,1,256,3584,True,AttentionBackend.FLASHINFER
4096,32,8,16,1,8192,1,256,3840,True,AttentionBackend.FLASHINFER
4096,32,8,16,1,8192,1,256,4096,True,AttentionBackend.FLASHINFER
4096,32,8,16,1,8192,1,256,4352,True,AttentionBackend.FLASHINFER
4096,32,8,16,1,8192,1,256,4608,True,AttentionBackend.FLASHINFER
4096,32,8,16,1,8192,1,256,4864,True,AttentionBackend.FLASHINFER
4096,32,8,16,1,8192,1,256,5120,True,AttentionBackend.FLASHINFER
4096,32,8,16,1,8192,1,256,5376,True,AttentionBackend.FLASHINFER
4096,32,8,16,1,8192,1,256,5632,True,AttentionBackend.FLASHINFER
4096,32,8,16,1,8192,1,256,5888,True,AttentionBackend.FLASHINFER
4096,32,8,16,1,8192,1,256,6144,True,AttentionBackend.FLASHINFER
4096,32,8,16,1,8192,1,256,6400,True,AttentionBackend.FLASHINFER
4096,32,8,16,1,8192,1,256,6656,True,AttentionBackend.FLASHINFER
4096,32,8,16,1,8192,1,256,6912,True,AttentionBackend.FLASHINFER
4096,32,8,16,1,8192,1,256,7168,True,AttentionBackend.FLASHINFER
4096,32,8,16,1,8192,1,256,7424,True,AttentionBackend.FLASHINFER
4096,32,8,16,1,8192,1,256,7680,True,AttentionBackend.FLASHINFER
4096,32,8,16,1,8192,1,256,7936,True,AttentionBackend.FLASHINFER
4096,32,8,16,1,8192,1,384,0,True,AttentionBackend.FLASHINFER
4096,32,8,16,1,8192,1,384,384,True,AttentionBackend.FLASHINFER
4096,32,8,16,1,8192,1,384,768,True,AttentionBackend.FLASHINFER
4096,32,8,16,1,8192,1,384,1152,True,AttentionBackend.FLASHINFER
4096,32,8,16,1,8192,1,384,1536,True,AttentionBackend.FLASHINFER
4096,32,8,16,1,8192,1,384,1920,True,AttentionBackend.FLASHINFER
4096,32,8,16,1,8192,1,384,2304,True,AttentionBackend.FLASHINFER
4096,32,8,16,1,8192,1,384,2688,True,AttentionBackend.FLASHINFER
4096,32,8,16,1,8192,1,384,3072,True,AttentionBackend.FLASHINFER
4096,32,8,16,1,8192,1,384,3456,True,AttentionBackend.FLASHINFER
4096,32,8,16,1,8192,1,384,3840,True,AttentionBackend.FLASHINFER
4096,32,8,16,1,8192,1,384,4224,True,AttentionBackend.FLASHINFER
4096,32,8,16,1,8192,1,384,4608,True,AttentionBackend.FLASHINFER
4096,32,8,16,1,8192,1,384,4992,True,AttentionBackend.FLASHINFER
4096,32,8,16,1,8192,1,384,5376,True,AttentionBackend.FLASHINFER
4096,32,8,16,1,8192,1,384,5760,True,AttentionBackend.FLASHINFER
4096,32,8,16,1,8192,1,384,6144,True,AttentionBackend.FLASHINFER
4096,32,8,16,1,8192,1,384,6528,True,AttentionBackend.FLASHINFER
4096,32,8,16,1,8192,1,384,6912,True,AttentionBackend.FLASHINFER
4096,32,8,16,1,8192,1,384,7296,True,AttentionBackend.FLASHINFER
4096,32,8,16,1,8192,1,384,7680,True,AttentionBackend.FLASHINFER
4096,32,8,16,1,8192,1,512,0,True,AttentionBackend.FLASHINFER
4096,32,8,16,1,8192,1,512,512,True,AttentionBackend.FLASHINFER
4096,32,8,16,1,8192,1,512,1024,True,AttentionBackend.FLASHINFER
4096,32,8,16,1,8192,1,512,1536,True,AttentionBackend.FLASHINFER
4096,32,8,16,1,8192,1,512,2048,True,AttentionBackend.FLASHINFER
4096,32,8,16,1,8192,1,512,2560,True,AttentionBackend.FLASHINFER
4096,32,8,16,1,8192,1,512,3072,True,AttentionBackend.FLASHINFER
4096,32,8,16,1,8192,1,512,3584,True,AttentionBackend.FLASHINFER
4096,32,8,16,1,8192,1,512,4096,True,AttentionBackend.FLASHINFER
4096,32,8,16,1,8192,1,512,4608,True,AttentionBackend.FLASHINFER
4096,32,8,16,1,8192,1,512,5120,True,AttentionBackend.FLASHINFER
4096,32,8,16,1,8192,1,512,5632,True,AttentionBackend.FLASHINFER
4096,32,8,16,1,8192,1,512,6144,True,AttentionBackend.FLASHINFER
4096,32,8,16,1,8192,1,512,6656,True,AttentionBackend.FLASHINFER
4096,32,8,16,1,8192,1,512,7168,True,AttentionBackend.FLASHINFER
4096,32,8,16,1,8192,1,512,7680,True,AttentionBackend.FLASHINFER
4096,32,8,16,1,8192,1,640,0,True,AttentionBackend.FLASHINFER
4096,32,8,16,1,8192,1,640,640,True,AttentionBackend.FLASHINFER
4096,32,8,16,1,8192,1,640,1280,True,AttentionBackend.FLASHINFER
4096,32,8,16,1,8192,1,640,1920,True,AttentionBackend.FLASHINFER
4096,32,8,16,1,8192,1,640,2560,True,AttentionBackend.FLASHINFER
4096,32,8,16,1,8192,1,640,3200,True,AttentionBackend.FLASHINFER
4096,32,8,16,1,8192,1,640,3840,True,AttentionBackend.FLASHINFER
4096,32,8,16,1,8192,1,640,4480,True,AttentionBackend.FLASHINFER
4096,32,8,16,1,8192,1,640,5120,True,AttentionBackend.FLASHINFER
4096,32,8,16,1,8192,1,640,5760,True,AttentionBackend.FLASHINFER
4096,32,8,16,1,8192,1,640,6400,True,AttentionBackend.FLASHINFER
4096,32,8,16,1,8192,1,640,7040,True,AttentionBackend.FLASHINFER
4096,32,8,16,1,8192,1,768,0,True,AttentionBackend.FLASHINFER
4096,32,8,16,1,8192,1,768,768,True,AttentionBackend.FLASHINFER
4096,32,8,16,1,8192,1,768,1536,True,AttentionBackend.FLASHINFER
4096,32,8,16,1,8192,1,768,2304,True,AttentionBackend.FLASHINFER
4096,32,8,16,1,8192,1,768,3072,True,AttentionBackend.FLASHINFER
4096,32,8,16,1,8192,1,768,3840,True,AttentionBackend.FLASHINFER
4096,32,8,16,1,8192,1,768,4608,True,AttentionBackend.FLASHINFER
4096,32,8,16,1,8192,1,768,5376,True,AttentionBackend.FLASHINFER
4096,32,8,16,1,8192,1,768,6144,True,AttentionBackend.FLASHINFER
4096,32,8,16,1,8192,1,768,6912,True,AttentionBackend.FLASHINFER
4096,32,8,16,1,8192,1,896,0,True,AttentionBackend.FLASHINFER
4096,32,8,16,1,8192,1,896,896,True,AttentionBackend.FLASHINFER
4096,32,8,16,1,8192,1,896,1792,True,AttentionBackend.FLASHINFER
4096,32,8,16,1,8192,1,896,2688,True,AttentionBackend.FLASHINFER
4096,32,8,16,1,8192,1,896,3584,True,AttentionBackend.FLASHINFER
4096,32,8,16,1,8192,1,896,4480,True,AttentionBackend.FLASHINFER
4096,32,8,16,1,8192,1,896,5376,True,AttentionBackend.FLASHINFER
4096,32,8,16,1,8192,1,896,6272,True,AttentionBackend.FLASHINFER
4096,32,8,16,1,8192,1,896,7168,True,AttentionBackend.FLASHINFER
4096,32,8,16,1,8192,1,1024,0,True,AttentionBackend.FLASHINFER
4096,32,8,16,1,8192,1,1024,1024,True,AttentionBackend.FLASHINFER
4096,32,8,16,1,8192,1,1024,2048,True,AttentionBackend.FLASHINFER
4096,32,8,16,1,8192,1,1024,3072,True,AttentionBackend.FLASHINFER
4096,32,8,16,1,8192,1,1024,4096,True,AttentionBackend.FLASHINFER
4096,32,8,16,1,8192,1,1024,5120,True,AttentionBackend.FLASHINFER
4096,32,8,16,1,8192,1,1024,6144,True,AttentionBackend.FLASHINFER
4096,32,8,16,1,8192,1,1024,7168,True,AttentionBackend.FLASHINFER
4096,32,8,16,1,8192,1,1024,0,True,AttentionBackend.FLASHINFER
4096,32,8,16,1,8192,1,1024,1024,True,AttentionBackend.FLASHINFER
4096,32,8,16,1,8192,1,1024,2048,True,AttentionBackend.FLASHINFER
4096,32,8,16,1,8192,1,1024,3072,True,AttentionBackend.FLASHINFER
4096,32,8,16,1,8192,1,1024,4096,True,AttentionBackend.FLASHINFER
4096,32,8,16,1,8192,1,1024,5120,True,AttentionBackend.FLASHINFER
4096,32,8,16,1,8192,1,1024,6144,True,AttentionBackend.FLASHINFER
4096,32,8,16,1,8192,1,1024,7168,True,AttentionBackend.FLASHINFER
4096,32,8,16,1,8192,1,1536,0,True,AttentionBackend.FLASHINFER
4096,32,8,16,1,8192,1,1536,1536,True,AttentionBackend.FLASHINFER
4096,32,8,16,1,8192,1,1536,3072,True,AttentionBackend.FLASHINFER
4096,32,8,16,1,8192,1,1536,4608,True,AttentionBackend.FLASHINFER
4096,32,8,16,1,8192,1,1536,6144,True,AttentionBackend.FLASHINFER
4096,32,8,16,1,8192,1,2048,0,True,AttentionBackend.FLASHINFER
4096,32,8,16,1,8192,1,2048,2048,True,AttentionBackend.FLASHINFER
4096,32,8,16,1,8192,1,2048,4096,True,AttentionBackend.FLASHINFER
4096,32,8,16,1,8192,1,2048,6144,True,AttentionBackend.FLASHINFER
4096,32,8,16,1,8192,1,2560,0,True,AttentionBackend.FLASHINFER
4096,32,8,16,1,8192,1,2560,2560,True,AttentionBackend.FLASHINFER
4096,32,8,16,1,8192,1,2560,5120,True,AttentionBackend.FLASHINFER
4096,32,8,16,1,8192,1,3072,0,True,AttentionBackend.FLASHINFER
4096,32,8,16,1,8192,1,3072,3072,True,AttentionBackend.FLASHINFER
4096,32,8,16,1,8192,1,3584,0,True,AttentionBackend.FLASHINFER
4096,32,8,16,1,8192,1,3584,3584,True,AttentionBackend.FLASHINFER
4096,32,8,16,1,8192,1,4096,0,True,AttentionBackend.FLASHINFER
4096,32,8,16,1,8192,1,4096,4096,True,AttentionBackend.FLASHINFER
4096,32,8,16,1,8192,1,4096,0,True,AttentionBackend.FLASHINFER
4096,32,8,16,1,8192,1,4096,4096,True,AttentionBackend.FLASHINFER
4096,32,8,16,1,8192,1,0,32,False,AttentionBackend.FLASHINFER
4096,32,8,16,1,8192,2,0,32,False,AttentionBackend.FLASHINFER
4096,32,8,16,1,8192,1,0,64,False,AttentionBackend.FLASHINFER
4096,32,8,16,1,8192,2,0,64,False,AttentionBackend.FLASHINFER
4096,32,8,16,1,8192,1,0,96,False,AttentionBackend.FLASHINFER
4096,32,8,16,1,8192,2,0,96,False,AttentionBackend.FLASHINFER
4096,32,8,16,1,8192,1,0,128,False,AttentionBackend.FLASHINFER
4096,32,8,16,1,8192,2,0,128,False,AttentionBackend.FLASHINFER
4096,32,8,16,1,8192,1,0,160,False,AttentionBackend.FLASHINFER
4096,32,8,16,1,8192,2,0,160,False,AttentionBackend.FLASHINFER
4096,32,8,16,1,8192,1,0,192,False,AttentionBackend.FLASHINFER
4096,32,8,16,1,8192,2,0,192,False,AttentionBackend.FLASHINFER
4096,32,8,16,1,8192,1,0,224,False,AttentionBackend.FLASHINFER
4096,32,8,16,1,8192,2,0,224,False,AttentionBackend.FLASHINFER
4096,32,8,16,1,8192,1,0,256,False,AttentionBackend.FLASHINFER
4096,32,8,16,1,8192,2,0,256,False,AttentionBackend.FLASHINFER
4096,32,8,16,1,8192,1,0,288,False,AttentionBackend.FLASHINFER
4096,32,8,16,1,8192,2,0,288,False,AttentionBackend.FLASHINFER
4096,32,8,16,1,8192,1,0,320,False,AttentionBackend.FLASHINFER
4096,32,8,16,1,8192,2,0,320,False,AttentionBackend.FLASHINFER
4096,32,8,16,1,8192,1,0,352,False,AttentionBackend.FLASHINFER
4096,32,8,16,1,8192,2,0,352,False,AttentionBackend.FLASHINFER
4096,32,8,16,1,8192,1,0,384,False,AttentionBackend.FLASHINFER
4096,32,8,16,1,8192,2,0,384,False,AttentionBackend.FLASHINFER
4096,32,8,16,1,8192,1,0,416,False,AttentionBackend.FLASHINFER
4096,32,8,16,1,8192,2,0,416,False,AttentionBackend.FLASHINFER
4096,32,8,16,1,8192,1,0,448,False,AttentionBackend.FLASHINFER
4096,32,8,16,1,8192,2,0,448,False,AttentionBackend.FLASHINFER
4096,32,8,16,1,8192,1,0,480,False,AttentionBackend.FLASHINFER
4096,32,8,16,1,8192,2,0,480,False,AttentionBackend.FLASHINFER
4096,32,8,16,1,8192,1,0,512,False,AttentionBackend.FLASHINFER
4096,32,8,16,1,8192,2,0,512,False,AttentionBackend.FLASHINFER
4096,32,8,16,1,8192,1,0,544,False,AttentionBackend.FLASHINFER
4096,32,8,16,1,8192,2,0,544,False,AttentionBackend.FLASHINFER
4096,32,8,16,1,8192,1,0,576,False,AttentionBackend.FLASHINFER
4096,32,8,16,1,8192,2,0,576,False,AttentionBackend.FLASHINFER
4096,32,8,16,1,8192,1,0,608,False,AttentionBackend.FLASHINFER
4096,32,8,16,1,8192,2,0,608,False,AttentionBackend.FLASHINFER
4096,32,8,16,1,8192,1,0,640,False,AttentionBackend.FLASHINFER
4096,32,8,16,1,8192,2,0,640,False,AttentionBackend.FLASHINFER
4096,32,8,16,1,8192,1,0,672,False,AttentionBackend.FLASHINFER
4096,32,8,16,1,8192,2,0,672,False,AttentionBackend.FLASHINFER
4096,32,8,16,1,8192,1,0,704,False,AttentionBackend.FLASHINFER
4096,32,8,16,1,8192,2,0,704,False,AttentionBackend.FLASHINFER
4096,32,8,16,1,8192,1,0,736,False,AttentionBackend.FLASHINFER
4096,32,8,16,1,8192,2,0,736,False,AttentionBackend.FLASHINFER
4096,32,8,16,1,8192,1,0,768,False,AttentionBackend.FLASHINFER
4096,32,8,16,1,8192,2,0,768,False,AttentionBackend.FLASHINFER
4096,32,8,16,1,8192,1,0,800,False,AttentionBackend.FLASHINFER
4096,32,8,16,1,8192,2,0,800,False,AttentionBackend.FLASHINFER
4096,32,8,16,1,8192,1,0,832,False,AttentionBackend.FLASHINFER
4096,32,8,16,1,8192,2,0,832,False,AttentionBackend.FLASHINFER
4096,32,8,16,1,8192,1,0,864,False,AttentionBackend.FLASHINFER
4096,32,8,16,1,8192,2,0,864,False,AttentionBackend.FLASHINFER
4096,32,8,16,1,8192,1,0,896,False,AttentionBackend.FLASHINFER
4096,32,8,16,1,8192,2,0,896,False,AttentionBackend.FLASHINFER
4096,32,8,16,1,8192,1,0,928,False,AttentionBackend.FLASHINFER
4096,32,8,16,1,8192,2,0,928,False,AttentionBackend.FLASHINFER
4096,32,8,16,1,8192,1,0,960,False,AttentionBackend.FLASHINFER
4096,32,8,16,1,8192,2,0,960,False,AttentionBackend.FLASHINFER
4096,32,8,16,1,8192,1,0,992,False,AttentionBackend.FLASHINFER
4096,32,8,16,1,8192,2,0,992,False,AttentionBackend.FLASHINFER
4096,32,8,16,1,8192,1,0,1024,False,AttentionBackend.FLASHINFER
4096,32,8,16,1,8192,2,0,1024,False,AttentionBackend.FLASHINFER
4096,32,8,16,1,8192,1,0,1024,False,AttentionBackend.FLASHINFER
4096,32,8,16,1,8192,2,0,1024,False,AttentionBackend.FLASHINFER
4096,32,8,16,1,8192,1,0,1088,False,AttentionBackend.FLASHINFER
4096,32,8,16,1,8192,2,0,1088,False,AttentionBackend.FLASHINFER
4096,32,8,16,1,8192,1,0,1152,False,AttentionBackend.FLASHINFER
4096,32,8,16,1,8192,2,0,1152,False,AttentionBackend.FLASHINFER
4096,32,8,16,1,8192,1,0,1216,False,AttentionBackend.FLASHINFER
4096,32,8,16,1,8192,2,0,1216,False,AttentionBackend.FLASHINFER
4096,32,8,16,1,8192,1,0,1280,False,AttentionBackend.FLASHINFER
4096,32,8,16,1,8192,2,0,1280,False,AttentionBackend.FLASHINFER
4096,32,8,16,1,8192,1,0,1344,False,AttentionBackend.FLASHINFER
4096,32,8,16,1,8192,2,0,1344,False,AttentionBackend.FLASHINFER
4096,32,8,16,1,8192,1,0,1408,False,AttentionBackend.FLASHINFER
4096,32,8,16,1,8192,2,0,1408,False,AttentionBackend.FLASHINFER
4096,32,8,16,1,8192,1,0,1472,False,AttentionBackend.FLASHINFER
4096,32,8,16,1,8192,2,0,1472,False,AttentionBackend.FLASHINFER
4096,32,8,16,1,8192,1,0,1536,False,AttentionBackend.FLASHINFER
4096,32,8,16,1,8192,2,0,1536,False,AttentionBackend.FLASHINFER
4096,32,8,16,1,8192,1,0,1600,False,AttentionBackend.FLASHINFER
4096,32,8,16,1,8192,2,0,1600,False,AttentionBackend.FLASHINFER
4096,32,8,16,1,8192,1,0,1664,False,AttentionBackend.FLASHINFER
4096,32,8,16,1,8192,2,0,1664,False,AttentionBackend.FLASHINFER
4096,32,8,16,1,8192,1,0,1728,False,AttentionBackend.FLASHINFER
4096,32,8,16,1,8192,2,0,1728,False,AttentionBackend.FLASHINFER
4096,32,8,16,1,8192,1,0,1792,False,AttentionBackend.FLASHINFER
4096,32,8,16,1,8192,2,0,1792,False,AttentionBackend.FLASHINFER
4096,32,8,16,1,8192,1,0,1856,False,AttentionBackend.FLASHINFER
4096,32,8,16,1,8192,2,0,1856,False,AttentionBackend.FLASHINFER
4096,32,8,16,1,8192,1,0,1920,False,AttentionBackend.FLASHINFER
4096,32,8,16,1,8192,2,0,1920,False,AttentionBackend.FLASHINFER
4096,32,8,16,1,8192,1,0,1984,False,AttentionBackend.FLASHINFER
4096,32,8,16,1,8192,2,0,1984,False,AttentionBackend.FLASHINFER
4096,32,8,16,1,8192,1,0,2048,False,AttentionBackend.FLASHINFER
4096,32,8,16,1,8192,2,0,2048,False,AttentionBackend.FLASHINFER
4096,32,8,16,1,8192,1,0,2112,False,AttentionBackend.FLASHINFER
4096,32,8,16,1,8192,2,0,2112,False,AttentionBackend.FLASHINFER
4096,32,8,16,1,8192,1,0,2176,False,AttentionBackend.FLASHINFER
4096,32,8,16,1,8192,2,0,2176,False,AttentionBackend.FLASHINFER
4096,32,8,16,1,8192,1,0,2240,False,AttentionBackend.FLASHINFER
4096,32,8,16,1,8192,2,0,2240,False,AttentionBackend.FLASHINFER
4096,32,8,16,1,8192,1,0,2304,False,AttentionBackend.FLASHINFER
4096,32,8,16,1,8192,2,0,2304,False,AttentionBackend.FLASHINFER
4096,32,8,16,1,8192,1,0,2368,False,AttentionBackend.FLASHINFER
4096,32,8,16,1,8192,2,0,2368,False,AttentionBackend.FLASHINFER
4096,32,8,16,1,8192,1,0,2432,False,AttentionBackend.FLASHINFER
4096,32,8,16,1,8192,2,0,2432,False,AttentionBackend.FLASHINFER
4096,32,8,16,1,8192,1,0,2496,False,AttentionBackend.FLASHINFER
4096,32,8,16,1,8192,2,0,2496,False,AttentionBackend.FLASHINFER
4096,32,8,16,1,8192,1,0,2560,False,AttentionBackend.FLASHINFER
4096,32,8,16,1,8192,2,0,2560,False,AttentionBackend.FLASHINFER
4096,32,8,16,1,8192,1,0,2624,False,AttentionBackend.FLASHINFER
4096,32,8,16,1,8192,2,0,2624,False,AttentionBackend.FLASHINFER
4096,32,8,16,1,8192,1,0,2688,False,AttentionBackend.FLASHINFER
4096,32,8,16,1,8192,2,0,2688,False,AttentionBackend.FLASHINFER
4096,32,8,16,1,8192,1,0,2752,False,AttentionBackend.FLASHINFER
4096,32,8,16,1,8192,2,0,2752,False,AttentionBackend.FLASHINFER
4096,32,8,16,1,8192,1,0,2816,False,AttentionBackend.FLASHINFER
4096,32,8,16,1,8192,2,0,2816,False,AttentionBackend.FLASHINFER
4096,32,8,16,1,8192,1,0,2880,False,AttentionBackend.FLASHINFER
4096,32,8,16,1,8192,2,0,2880,False,AttentionBackend.FLASHINFER
4096,32,8,16,1,8192,1,0,2944,False,AttentionBackend.FLASHINFER
4096,32,8,16,1,8192,2,0,2944,False,AttentionBackend.FLASHINFER
4096,32,8,16,1,8192,1,0,3008,False,AttentionBackend.FLASHINFER
4096,32,8,16,1,8192,2,0,3008,False,AttentionBackend.FLASHINFER
4096,32,8,16,1,8192,1,0,3072,False,AttentionBackend.FLASHINFER
4096,32,8,16,1,8192,2,0,3072,False,AttentionBackend.FLASHINFER
4096,32,8,16,1,8192,1,0,3136,False,AttentionBackend.FLASHINFER
4096,32,8,16,1,8192,2,0,3136,False,AttentionBackend.FLASHINFER
4096,32,8,16,1,8192,1,0,3200,False,AttentionBackend.FLASHINFER
4096,32,8,16,1,8192,2,0,3200,False,AttentionBackend.FLASHINFER
4096,32,8,16,1,8192,1,0,3264,False,AttentionBackend.FLASHINFER
4096,32,8,16,1,8192,2,0,3264,False,AttentionBackend.FLASHINFER
4096,32,8,16,1,8192,1,0,3328,False,AttentionBackend.FLASHINFER
4096,32,8,16,1,8192,2,0,3328,False,AttentionBackend.FLASHINFER
4096,32,8,16,1,8192,1,0,3392,False,AttentionBackend.FLASHINFER
4096,32,8,16,1,8192,2,0,3392,False,AttentionBackend.FLASHINFER
4096,32,8,16,1,8192,1,0,3456,False,AttentionBackend.FLASHINFER
4096,32,8,16,1,8192,2,0,3456,False,AttentionBackend.FLASHINFER
4096,32,8,16,1,8192,1,0,3520,False,AttentionBackend.FLASHINFER
4096,32,8,16,1,8192,2,0,3520,False,AttentionBackend.FLASHINFER
4096,32,8,16,1,8192,1,0,3584,False,AttentionBackend.FLASHINFER
4096,32,8,16,1,8192,2,0,3584,False,AttentionBackend.FLASHINFER
4096,32,8,16,1,8192,1,0,3648,False,AttentionBackend.FLASHINFER
4096,32,8,16,1,8192,2,0,3648,False,AttentionBackend.FLASHINFER
4096,32,8,16,1,8192,1,0,3712,False,AttentionBackend.FLASHINFER
4096,32,8,16,1,8192,2,0,3712,False,AttentionBackend.FLASHINFER
4096,32,8,16,1,8192,1,0,3776,False,AttentionBackend.FLASHINFER
4096,32,8,16,1,8192,2,0,3776,False,AttentionBackend.FLASHINFER
4096,32,8,16,1,8192,1,0,3840,False,AttentionBackend.FLASHINFER
4096,32,8,16,1,8192,2,0,3840,False,AttentionBackend.FLASHINFER
4096,32,8,16,1,8192,1,0,3904,False,AttentionBackend.FLASHINFER
4096,32,8,16,1,8192,2,0,3904,False,AttentionBackend.FLASHINFER
4096,32,8,16,1,8192,1,0,3968,False,AttentionBackend.FLASHINFER
4096,32,8,16,1,8192,2,0,3968,False,AttentionBackend.FLASHINFER
4096,32,8,16,1,8192,1,0,4032,False,AttentionBackend.FLASHINFER
4096,32,8,16,1,8192,2,0,4032,False,AttentionBackend.FLASHINFER
4096,32,8,16,1,8192,1,0,4096,False,AttentionBackend.FLASHINFER
4096,32,8,16,1,8192,2,0,4096,False,AttentionBackend.FLASHINFER
4096,32,8,16,1,8192,1,0,4096,False,AttentionBackend.FLASHINFER
4096,32,8,16,1,8192,2,0,4096,False,AttentionBackend.FLASHINFER
4096,32,8,16,1,8192,1,0,4352,False,AttentionBackend.FLASHINFER
4096,32,8,16,1,8192,2,0,4352,False,AttentionBackend.FLASHINFER
4096,32,8,16,1,8192,1,0,4608,False,AttentionBackend.FLASHINFER
4096,32,8,16,1,8192,2,0,4608,False,AttentionBackend.FLASHINFER
4096,32,8,16,1,8192,1,0,4864,False,AttentionBackend.FLASHINFER
4096,32,8,16,1,8192,2,0,4864,False,AttentionBackend.FLASHINFER
4096,32,8,16,1,8192,1,0,5120,False,AttentionBackend.FLASHINFER
4096,32,8,16,1,8192,2,0,5120,False,AttentionBackend.FLASHINFER
4096,32,8,16,1,8192,1,0,5376,False,AttentionBackend.FLASHINFER
4096,32,8,16,1,8192,2,0,5376,False,AttentionBackend.FLASHINFER
4096,32,8,16,1,8192,1,0,5632,False,AttentionBackend.FLASHINFER
4096,32,8,16,1,8192,2,0,5632,False,AttentionBackend.FLASHINFER
4096,32,8,16,1,8192,1,0,5888,False,AttentionBackend.FLASHINFER
4096,32,8,16,1,8192,2,0,5888,False,AttentionBackend.FLASHINFER
4096,32,8,16,1,8192,1,0,6144,False,AttentionBackend.FLASHINFER
4096,32,8,16,1,8192,2,0,6144,False,AttentionBackend.FLASHINFER
4096,32,8,16,1,8192,1,0,6400,False,AttentionBackend.FLASHINFER
4096,32,8,16,1,8192,2,0,6400,False,AttentionBackend.FLASHINFER
4096,32,8,16,1,8192,1,0,6656,False,AttentionBackend.FLASHINFER
4096,32,8,16,1,8192,2,0,6656,False,AttentionBackend.FLASHINFER
4096,32,8,16,1,8192,1,0,6912,False,AttentionBackend.FLASHINFER
4096,32,8,16,1,8192,2,0,6912,False,AttentionBackend.FLASHINFER
4096,32,8,16,1,8192,1,0,7168,False,AttentionBackend.FLASHINFER
4096,32,8,16,1,8192,2,0,7168,False,AttentionBackend.FLASHINFER
4096,32,8,16,1,8192,1,0,7424,False,AttentionBackend.FLASHINFER
4096,32,8,16,1,8192,2,0,7424,False,AttentionBackend.FLASHINFER
4096,32,8,16,1,8192,1,0,7680,False,AttentionBackend.FLASHINFER
4096,32,8,16,1,8192,2,0,7680,False,AttentionBackend.FLASHINFER
4096,32,8,16,1,8192,1,0,7936,False,AttentionBackend.FLASHINFER
4096,32,8,16,1,8192,2,0,7936,False,AttentionBackend.FLASHINFER
